,GRE Score,TOEFL Score,University Rating,SOP,LOR,CGPA,Chance of Admit,Research_No,Research_Yes,Predict_Chance_of_Admit,Predict_Chance_of_Admit,Predict_Chance_of_Admit,Predict_Chance_of_Admit,Predict_Chance_of_Admit,Predict_Chance_of_Admit
0,310,105,2,3.0,3.5,8.01,0.71,1,0,0.71,0.71,71.0,0.71,0.71,0.71
1,307,105,2,2.5,4.5,8.12,0.67,0,1,0.67,0.67,67.0,0.67,0.67,0.67
2,329,111,4,4.5,4.0,9.01,0.81,0,1,0.81,0.81,81.0,0.81,0.81,0.81
3,300,105,1,1.0,2.0,7.8,0.58,1,0,0.58,0.58,57.99999999999999,0.58,0.58,0.58
4,329,114,5,4.0,5.0,9.3,0.86,0,1,0.86,0.86,86.0,0.86,0.86,0.86
5,300,104,3,3.5,3.0,8.16,0.71,1,0,0.71,0.71,71.0,0.71,0.71,0.71
6,318,103,3,4.0,4.5,8.49,0.71,0,1,0.71,0.71,71.0,0.71,0.71,0.71
7,322,110,4,4.0,5.0,9.13,0.86,0,1,0.86,0.86,86.0,0.86,0.86,0.86
8,315,105,2,2.0,2.5,7.65,0.39,1,0,0.39,0.39,39.0,0.39,0.39,0.39
9,332,119,4,5.0,4.5,9.24,0.9,0,1,0.9,0.9,90.0,0.9,0.9,0.9
10,336,118,5,4.5,5.0,9.53,0.94,0,1,0.94,0.94,94.0,0.94,0.94,0.94
11,322,105,2,3.0,3.0,8.45,0.65,0,1,0.65,0.65,65.0,0.65,0.65,0.65
12,327,113,4,4.5,5.0,9.14,0.83,1,0,0.83,0.83,83.0,0.83,0.83,0.83
13,327,106,4,4.0,4.5,8.75,0.76,0,1,0.76,0.76,76.0,0.76,0.76,0.76
14,314,107,2,2.5,4.0,8.56,0.63,1,0,0.63,0.63,63.0,0.63,0.63,0.63
15,331,112,5,4.0,5.0,9.8,0.94,0,1,0.94,0.94,94.0,0.94,0.94,0.94
16,338,115,5,4.5,5.0,9.23,0.91,0,1,0.91,0.91,91.0,0.91,0.91,0.91
17,308,109,2,3.0,4.0,8.45,0.71,1,0,0.71,0.71,71.0,0.71,0.71,0.71
18,298,100,3,2.5,4.0,7.95,0.58,0,1,0.58,0.58,57.99999999999999,0.58,0.58,0.58
19,325,108,4,4.5,4.0,9.06,0.79,0,1,0.79,0.79,79.0,0.79,0.79,0.79
20,307,109,3,4.0,3.0,8.0,0.62,0,1,0.62,0.62,62.0,0.62,0.62,0.62
21,327,115,4,3.5,4.0,9.14,0.79,1,0,0.79,0.79,79.0,0.79,0.79,0.79
22,295,99,2,2.5,3.0,7.65,0.57,1,0,0.57,0.57,56.99999999999999,0.57,0.57,0.57
23,316,109,3,3.5,3.0,8.76,0.77,1,0,0.77,0.77,77.0,0.77,0.77,0.77
24,313,106,2,2.5,2.0,8.43,0.62,1,0,0.62,0.62,62.0,0.62,0.62,0.62
25,322,115,5,4.0,4.5,9.36,0.92,0,1,0.92,0.92,92.0,0.92,0.92,0.92
26,312,105,2,2.5,3.0,8.12,0.64,1,0,0.64,0.64,64.0,0.64,0.64,0.64
27,298,97,2,2.0,3.0,7.21,0.45,1,0,0.45,0.45,45.0,0.45,0.45,0.45
28,310,110,1,1.5,4.0,7.23,0.58,0,1,0.58,0.58,57.99999999999999,0.58,0.58,0.58
29,338,118,4,3.0,4.5,9.4,0.91,0,1,0.91,0.91,91.0,0.91,0.91,0.91
30,305,104,2,2.5,1.5,7.79,0.53,1,0,0.53,0.53,53.0,0.53,0.53,0.53
31,312,107,2,2.5,3.5,8.27,0.69,1,0,0.69,0.69,69.0,0.69,0.69,0.69
32,317,106,2,2.0,3.5,8.12,0.73,1,0,0.73,0.73,73.0,0.73,0.73,0.73
33,338,120,4,5.0,5.0,9.66,0.95,0,1,0.95,0.95,95.0,0.95,0.95,0.95
34,319,108,2,2.5,3.0,8.76,0.66,1,0,0.66,0.66,66.0,0.66,0.66,0.66
35,323,110,5,4.0,5.0,8.98,0.87,0,1,0.87,0.87,87.0,0.87,0.87,0.87
36,327,116,4,4.0,4.5,9.48,0.9,0,1,0.9,0.9,90.0,0.9,0.9,0.9
37,311,106,2,3.5,3.0,8.26,0.79,0,1,0.79,0.79,79.0,0.79,0.79,0.79
38,304,107,3,3.5,3.0,7.86,0.57,1,0,0.57,0.57,56.99999999999999,0.57,0.57,0.57
39,340,120,5,4.5,4.5,9.91,0.97,0,1,0.97,0.97,97.0,0.97,0.97,0.97
40,311,104,2,2.5,3.5,8.48,0.71,1,0,0.71,0.71,71.0,0.71,0.71,0.71
41,301,104,3,3.5,4.0,8.12,0.68,0,1,0.68,0.68,68.0,0.68,0.68,0.68
42,314,107,3,3.0,3.5,8.17,0.73,0,1,0.73,0.73,73.0,0.73,0.73,0.73
43,320,113,2,2.0,2.5,8.64,0.81,0,1,0.81,0.81,81.0,0.81,0.81,0.81
44,325,106,3,3.5,4.0,8.4,0.52,0,1,0.52,0.52,52.0,0.52,0.52,0.52
45,310,106,2,3.5,2.5,8.33,0.73,1,0,0.73,0.73,73.0,0.73,0.73,0.73
46,295,96,2,1.5,2.0,7.34,0.47,1,0,0.47,0.47,47.0,0.47,0.47,0.47
47,303,99,3,2.0,2.5,7.66,0.36,1,0,0.36,0.36,36.0,0.36,0.36,0.36
48,323,110,4,4.0,5.0,8.88,0.81,0,1,0.81,0.81,81.0,0.81,0.81,0.81
49,300,98,1,2.0,2.5,8.02,0.61,1,0,0.61,0.61,61.0,0.61,0.61,0.61
50,317,105,3,3.5,3.0,8.56,0.68,1,0,0.68,0.68,68.0,0.68,0.68,0.68
51,324,111,5,4.5,4.0,9.16,0.9,0,1,0.9,0.9,90.0,0.9,0.9,0.9
52,334,117,5,4.0,4.5,9.07,0.89,0,1,0.89,0.89,89.0,0.89,0.89,0.89
53,312,109,2,2.5,4.0,9.02,0.8,1,0,0.8,0.8,80.0,0.8,0.8,0.8
54,329,110,2,4.0,3.0,9.15,0.84,0,1,0.84,0.84,84.0,0.84,0.84,0.84
55,304,105,2,3.0,3.0,8.2,0.54,0,1,0.54,0.54,54.0,0.54,0.54,0.54
56,320,104,3,3.5,4.5,8.34,0.74,0,1,0.74,0.74,74.0,0.74,0.74,0.74
57,325,112,2,3.0,3.5,8.96,0.8,0,1,0.8,0.8,80.0,0.8,0.8,0.8
58,312,105,2,1.5,3.0,8.46,0.66,1,0,0.66,0.66,66.0,0.66,0.66,0.66
59,305,108,5,3.0,3.0,8.48,0.61,1,0,0.61,0.61,61.0,0.61,0.61,0.61
60,302,99,1,2.0,2.0,7.25,0.57,1,0,0.57,0.57,56.99999999999999,0.57,0.57,0.57
61,324,115,3,3.5,3.0,8.76,0.7,0,1,0.7,0.7,70.0,0.7,0.7,0.7
62,312,105,3,2.0,3.0,8.02,0.5,0,1,0.5,0.5,50.0,0.5,0.5,0.5
63,308,103,2,2.5,4.0,8.36,0.7,0,1,0.7,0.7,70.0,0.7,0.7,0.7
64,314,108,4,4.5,4.0,9.04,0.84,0,1,0.84,0.84,84.0,0.84,0.84,0.84
65,327,109,3,3.5,4.0,8.77,0.79,0,1,0.79,0.79,79.0,0.79,0.79,0.79
66,326,113,5,4.5,4.0,9.4,0.91,0,1,0.91,0.91,91.0,0.91,0.91,0.91
67,319,112,3,2.5,2.0,8.71,0.78,0,1,0.78,0.78,78.0,0.78,0.78,0.78
68,331,115,5,4.5,3.5,9.36,0.93,0,1,0.93,0.93,93.0,0.93,0.93,0.93
69,316,107,2,3.5,3.5,8.64,0.57,0,1,0.57,0.57,56.99999999999999,0.57,0.57,0.57
70,326,108,3,3.0,3.5,8.89,0.8,1,0,0.8,0.8,80.0,0.8,0.8,0.8
71,316,100,2,1.5,3.0,8.16,0.71,0,1,0.71,0.71,71.0,0.71,0.71,0.71
72,307,101,3,4.0,3.0,8.2,0.47,1,0,0.47,0.47,47.0,0.47,0.47,0.47
73,297,99,4,3.0,3.5,7.81,0.54,1,0,0.54,0.54,54.0,0.54,0.54,0.54
74,325,110,2,3.0,2.5,8.76,0.75,0,1,0.75,0.75,75.0,0.75,0.75,0.75
75,339,119,5,4.5,4.0,9.7,0.89,1,0,0.89,0.89,89.0,0.89,0.89,0.89
76,311,101,3,2.0,2.5,7.64,0.62,0,1,0.62,0.62,62.0,0.62,0.62,0.62
77,317,106,1,1.5,3.5,7.65,0.61,0,1,0.61,0.61,61.0,0.61,0.61,0.61
78,328,110,4,4.0,2.5,9.02,0.81,0,1,0.81,0.81,81.0,0.81,0.81,0.81
79,325,111,4,4.0,4.5,9.11,0.83,0,1,0.83,0.83,83.0,0.83,0.83,0.83
80,316,106,2,2.5,4.0,8.32,0.72,1,0,0.72,0.72,72.0,0.72,0.72,0.72
81,331,116,5,5.0,5.0,9.38,0.93,0,1,0.93,0.93,93.0,0.93,0.93,0.93
82,329,113,4,4.0,3.5,9.36,0.89,0,1,0.89,0.89,89.0,0.89,0.89,0.89
83,319,102,3,2.5,2.5,8.37,0.68,1,0,0.68,0.68,68.0,0.68,0.68,0.68
84,311,98,1,1.0,2.5,7.46,0.57,1,0,0.57,0.57,56.99999999999999,0.57,0.57,0.57
85,314,103,2,2.0,3.0,8.21,0.65,1,0,0.65,0.65,65.0,0.65,0.65,0.65
86,307,105,2,2.0,3.5,8.1,0.53,1,0,0.53,0.53,53.0,0.53,0.53,0.53
87,324,113,5,4.0,5.0,9.25,0.92,0,1,0.92,0.92,92.0,0.92,0.92,0.92
88,327,111,4,4.0,4.5,9.0,0.84,0,1,0.84,0.84,84.0,0.84,0.84,0.84
89,308,105,4,3.0,2.5,7.95,0.67,0,1,0.67,0.67,67.0,0.67,0.67,0.67
90,332,118,5,5.0,5.0,9.64,0.94,0,1,0.94,0.94,94.0,0.94,0.94,0.94
91,306,103,3,3.5,3.0,8.21,0.64,1,0,0.64,0.64,64.0,0.64,0.64,0.64
92,300,97,2,3.0,3.0,8.1,0.65,0,1,0.65,0.65,65.0,0.65,0.65,0.65
93,316,109,4,4.5,3.5,8.76,0.74,0,1,0.74,0.74,74.0,0.74,0.74,0.74
94,315,100,1,2.0,2.5,7.95,0.58,1,0,0.58,0.58,57.99999999999999,0.58,0.58,0.58
95,340,120,4,5.0,5.0,9.5,0.96,0,1,0.96,0.96,96.0,0.96,0.96,0.96
96,327,112,3,3.0,3.0,8.72,0.74,0,1,0.74,0.74,74.0,0.74,0.74,0.74
97,322,110,3,3.5,3.0,8.96,0.78,0,1,0.78,0.78,78.0,0.78,0.78,0.78
98,321,109,4,4.0,4.0,9.13,0.85,0,1,0.85,0.85,85.0,0.85,0.85,0.85
99,324,112,4,4.0,2.5,8.1,0.72,0,1,0.72,0.72,72.0,0.72,0.72,0.72
100,311,99,1,2.5,3.0,8.43,0.71,0,1,0.71,0.71,71.0,0.71,0.71,0.71
101,332,112,1,1.5,3.0,8.66,0.79,0,1,0.79,0.79,79.0,0.79,0.79,0.79
102,307,102,3,3.0,3.0,8.27,0.73,1,0,0.73,0.73,73.0,0.73,0.73,0.73
103,337,118,4,4.5,4.5,9.65,0.92,0,1,0.92,0.92,92.0,0.92,0.92,0.92
104,303,98,1,2.0,2.5,7.65,0.56,1,0,0.56,0.56,56.00000000000001,0.56,0.56,0.56
105,298,101,2,1.5,2.0,7.86,0.54,1,0,0.54,0.54,54.0,0.54,0.54,0.54
106,326,102,4,5.0,5.0,8.76,0.77,0,1,0.77,0.77,77.0,0.77,0.77,0.77
107,333,118,5,5.0,5.0,9.35,0.92,0,1,0.92,0.92,92.0,0.92,0.92,0.92
108,301,99,3,2.5,2.0,8.45,0.68,0,1,0.68,0.68,68.0,0.68,0.68,0.68
109,320,108,3,3.5,5.0,8.97,0.84,0,1,0.84,0.84,84.0,0.84,0.84,0.84
110,309,99,3,4.0,4.0,8.56,0.76,1,0,0.76,0.76,76.0,0.76,0.76,0.76
111,308,108,3,3.5,3.5,8.22,0.61,1,0,0.61,0.61,61.0,0.61,0.61,0.61
112,311,105,2,3.0,2.0,8.12,0.73,0,1,0.73,0.73,73.0,0.73,0.73,0.73
113,321,109,3,3.5,3.5,8.8,0.74,0,1,0.74,0.74,74.0,0.74,0.74,0.74
114,319,103,3,2.5,4.0,8.76,0.73,0,1,0.73,0.73,73.0,0.73,0.73,0.73
115,338,117,4,3.5,4.5,9.46,0.91,0,1,0.91,0.91,91.0,0.91,0.91,0.91
116,315,106,3,4.5,3.5,8.42,0.72,1,0,0.72,0.72,72.0,0.72,0.72,0.72
117,328,113,4,4.0,2.5,8.77,0.83,0,1,0.83,0.83,83.0,0.83,0.83,0.83
118,332,118,2,4.5,3.5,9.36,0.9,0,1,0.9,0.9,90.0,0.9,0.9,0.9
119,301,96,1,3.0,4.0,7.56,0.54,1,0,0.54,0.54,54.0,0.54,0.54,0.54
120,295,93,1,2.0,2.0,7.2,0.46,1,0,0.46,0.46,46.0,0.46,0.46,0.46
121,320,110,5,4.0,4.0,9.27,0.87,0,1,0.87,0.87,87.0,0.87,0.87,0.87
122,305,102,2,1.5,2.5,7.64,0.59,1,0,0.59,0.59,59.0,0.59,0.59,0.59
123,325,110,4,3.5,4.0,8.67,0.73,0,1,0.73,0.73,73.0,0.73,0.73,0.73
124,317,110,3,4.0,4.5,9.11,0.8,0,1,0.8,0.8,80.0,0.8,0.8,0.8
125,300,100,3,3.0,3.5,8.26,0.62,1,0,0.62,0.62,62.0,0.62,0.62,0.62
126,321,109,4,4.0,4.0,8.68,0.69,0,1,0.69,0.69,69.0,0.69,0.69,0.69
127,316,99,2,2.5,3.0,9.0,0.7,1,0,0.7,0.7,70.0,0.7,0.7,0.7
128,330,116,5,5.0,4.5,9.36,0.93,0,1,0.93,0.93,93.0,0.93,0.93,0.93
129,329,113,5,5.0,4.5,9.45,0.89,0,1,0.89,0.89,89.0,0.89,0.89,0.89
130,321,111,5,5.0,5.0,9.45,0.93,0,1,0.93,0.93,93.0,0.93,0.93,0.93
131,299,97,3,5.0,3.5,7.66,0.38,1,0,0.38,0.38,38.0,0.38,0.38,0.38
132,321,112,5,5.0,5.0,9.06,0.86,0,1,0.86,0.86,86.0,0.86,0.86,0.86
133,310,107,3,3.5,3.5,8.67,0.76,1,0,0.76,0.76,76.0,0.76,0.76,0.76
134,320,104,3,3.0,3.5,8.74,0.76,0,1,0.76,0.76,76.0,0.76,0.76,0.76
135,304,105,1,3.0,1.5,7.5,0.52,1,0,0.52,0.52,52.0,0.52,0.52,0.52
136,312,109,3,3.0,3.0,8.69,0.77,1,0,0.77,0.77,77.0,0.77,0.77,0.77
137,311,104,3,4.5,4.5,8.43,0.7,1,0,0.7,0.7,70.0,0.7,0.7,0.7
138,319,110,3,3.0,2.5,8.79,0.72,1,0,0.72,0.72,72.0,0.72,0.72,0.72
139,334,116,4,4.0,3.0,8.0,0.78,0,1,0.78,0.78,78.0,0.78,0.78,0.78
140,330,115,5,4.5,3.0,9.34,0.9,0,1,0.9,0.9,90.0,0.9,0.9,0.9
141,312,100,2,1.5,3.5,7.9,0.56,0,1,0.56,0.56,56.00000000000001,0.56,0.56,0.56
142,326,112,3,3.5,3.0,9.1,0.84,0,1,0.84,0.84,84.0,0.84,0.84,0.84
143,314,105,2,2.5,2.0,7.64,0.7,1,0,0.7,0.7,70.0,0.7,0.7,0.7
144,301,107,3,3.5,3.5,8.34,0.62,0,1,0.62,0.62,62.0,0.62,0.62,0.62
145,320,112,2,3.5,3.5,8.78,0.73,0,1,0.73,0.73,73.0,0.73,0.73,0.73
146,321,114,4,4.0,5.0,9.12,0.85,1,0,0.85,0.85,85.0,0.85,0.85,0.85
147,298,92,1,2.0,2.0,7.88,0.51,1,0,0.51,0.51,51.0,0.51,0.51,0.51
148,330,114,4,4.5,3.0,9.17,0.86,0,1,0.86,0.86,86.0,0.86,0.86,0.86
149,304,104,3,2.5,2.0,8.12,0.62,1,0,0.62,0.62,62.0,0.62,0.62,0.62
150,340,112,4,5.0,4.5,9.66,0.94,0,1,0.94,0.94,94.0,0.94,0.94,0.94
151,329,114,2,2.0,4.0,8.56,0.72,0,1,0.72,0.72,72.0,0.72,0.72,0.72
152,296,95,2,3.0,2.0,7.54,0.44,0,1,0.44,0.44,44.0,0.44,0.44,0.44
153,305,106,2,3.0,3.0,8.16,0.64,1,0,0.64,0.64,64.0,0.64,0.64,0.64
154,314,99,4,3.5,4.5,8.73,0.71,0,1,0.71,0.71,71.0,0.71,0.71,0.71
155,303,100,2,3.0,3.5,8.06,0.64,0,1,0.64,0.64,64.0,0.64,0.64,0.64
156,320,108,3,3.5,4.0,8.44,0.76,0,1,0.76,0.76,76.0,0.76,0.76,0.76
157,321,110,3,3.5,5.0,8.85,0.82,0,1,0.82,0.82,82.0,0.82,0.82,0.82
158,310,103,2,2.5,2.5,8.24,0.72,1,0,0.72,0.72,72.0,0.72,0.72,0.72
159,319,110,3,3.5,3.5,9.04,0.82,1,0,0.82,0.82,82.0,0.82,0.82,0.82
160,324,113,4,4.5,4.5,9.25,0.89,0,1,0.89,0.89,89.0,0.89,0.89,0.89
161,325,112,4,3.5,3.5,8.92,0.55,1,0,0.55,0.55,55.00000000000001,0.55,0.55,0.55
162,295,101,2,2.5,2.0,7.86,0.69,1,0,0.69,0.69,69.0,0.69,0.69,0.69
163,340,115,5,4.5,4.5,9.45,0.94,0,1,0.94,0.94,94.0,0.94,0.94,0.94
164,321,102,3,3.5,4.0,9.01,0.8,0,1,0.8,0.8,80.0,0.8,0.8,0.8
165,316,102,2,4.0,3.5,8.15,0.67,1,0,0.67,0.67,67.0,0.67,0.67,0.67
166,307,105,2,2.5,3.0,7.65,0.58,1,0,0.58,0.58,57.99999999999999,0.58,0.58,0.58
167,323,113,4,4.0,4.5,9.23,0.89,0,1,0.89,0.89,89.0,0.89,0.89,0.89
168,327,113,4,3.5,3.0,8.69,0.8,0,1,0.8,0.8,80.0,0.8,0.8,0.8
169,316,105,3,3.0,3.5,8.73,0.72,1,0,0.72,0.72,72.0,0.72,0.72,0.72
170,309,100,2,3.0,3.0,8.1,0.48,1,0,0.48,0.48,48.0,0.48,0.48,0.48
171,298,105,3,3.5,4.0,8.54,0.69,1,0,0.69,0.69,69.0,0.69,0.69,0.69
172,310,102,3,3.5,4.0,8.02,0.66,0,1,0.66,0.66,66.0,0.66,0.66,0.66
173,325,114,4,3.0,2.0,8.4,0.7,1,0,0.7,0.7,70.0,0.7,0.7,0.7
174,324,111,4,3.0,3.0,9.01,0.82,0,1,0.82,0.82,82.0,0.82,0.82,0.82
175,325,112,4,4.0,4.0,9.0,0.8,0,1,0.8,0.8,80.0,0.8,0.8,0.8
176,314,102,4,2.5,2.0,7.88,0.59,0,1,0.59,0.59,59.0,0.59,0.59,0.59
177,293,97,2,2.0,4.0,7.8,0.64,0,1,0.64,0.64,64.0,0.64,0.64,0.64
178,321,111,3,3.5,4.0,8.83,0.77,0,1,0.77,0.77,77.0,0.77,0.77,0.77
179,333,119,5,5.0,4.5,9.78,0.96,0,1,0.96,0.96,96.0,0.96,0.96,0.96
180,312,106,3,3.0,5.0,8.57,0.71,1,0,0.71,0.71,71.0,0.71,0.71,0.71
181,325,112,4,4.0,4.5,9.17,0.85,0,1,0.85,0.85,85.0,0.85,0.85,0.85
182,300,102,3,3.5,2.5,8.17,0.63,1,0,0.63,0.63,63.0,0.63,0.63,0.63
183,324,111,3,2.5,1.5,8.79,0.7,0,1,0.7,0.7,70.0,0.7,0.7,0.7
184,312,101,2,2.5,3.5,8.04,0.68,0,1,0.68,0.68,68.0,0.68,0.68,0.68
185,313,102,3,2.0,3.0,8.27,0.64,1,0,0.64,0.64,64.0,0.64,0.64,0.64
186,323,107,3,3.5,3.5,8.55,0.73,0,1,0.73,0.73,73.0,0.73,0.73,0.73
187,324,107,4,4.0,4.5,8.87,0.76,0,1,0.76,0.76,76.0,0.76,0.76,0.76
188,317,107,3,3.5,3.0,8.68,0.84,0,1,0.84,0.84,84.0,0.84,0.84,0.84
189,324,110,4,3.0,3.5,8.97,0.84,0,1,0.84,0.84,84.0,0.84,0.84,0.84
190,333,117,4,5.0,4.0,9.66,0.95,0,1,0.95,0.95,95.0,0.95,0.95,0.95
191,309,105,4,3.5,2.0,8.18,0.65,1,0,0.65,0.65,65.0,0.65,0.65,0.65
192,329,119,4,4.5,4.5,9.16,0.9,0,1,0.9,0.9,90.0,0.9,0.9,0.9
193,300,100,3,2.0,3.0,8.66,0.64,0,1,0.64,0.64,64.0,0.64,0.64,0.64
194,329,111,4,4.5,4.5,9.18,0.87,0,1,0.87,0.87,87.0,0.87,0.87,0.87
195,324,110,3,3.5,3.0,9.22,0.89,0,1,0.89,0.89,89.0,0.89,0.89,0.89
196,321,109,3,3.0,4.0,8.2,0.75,0,1,0.75,0.75,75.0,0.75,0.75,0.75
197,324,107,5,3.5,4.0,8.66,0.81,0,1,0.81,0.81,81.0,0.81,0.81,0.81
198,312,110,2,3.5,3.0,8.53,0.64,1,0,0.64,0.64,64.0,0.64,0.64,0.64
199,312,107,3,3.0,3.0,8.46,0.75,0,1,0.75,0.75,75.0,0.75,0.75,0.75
200,318,110,3,4.0,3.0,8.8,0.63,1,0,0.63,0.63,63.0,0.63,0.63,0.63
201,322,110,3,3.0,3.5,8.0,0.7,1,0,0.7,0.7,70.0,0.7,0.7,0.7
202,301,106,4,2.5,3.0,8.47,0.57,1,0,0.57,0.57,56.99999999999999,0.57,0.57,0.57
203,300,99,1,1.0,2.5,8.01,0.58,1,0,0.58,0.58,57.99999999999999,0.58,0.58,0.58
204,314,105,3,3.5,2.5,8.3,0.54,1,0,0.54,0.54,54.0,0.54,0.54,0.54
205,321,111,3,2.5,3.0,8.9,0.8,0,1,0.8,0.8,80.0,0.8,0.8,0.8
206,305,96,4,3.0,4.5,8.26,0.54,1,0,0.54,0.54,54.0,0.54,0.54,0.54
207,326,116,2,4.5,3.0,9.08,0.8,0,1,0.8,0.8,80.0,0.8,0.8,0.8
208,311,104,3,4.0,3.5,8.13,0.74,0,1,0.74,0.74,74.0,0.74,0.74,0.74
209,319,106,3,3.5,2.5,8.33,0.74,0,1,0.74,0.74,74.0,0.74,0.74,0.74
210,328,116,4,5.0,3.5,9.6,0.93,0,1,0.93,0.93,93.0,0.93,0.93,0.93
211,319,105,3,3.0,3.5,8.67,0.73,0,1,0.73,0.73,73.0,0.73,0.73,0.73
212,312,108,3,3.5,3.0,8.53,0.69,1,0,0.69,0.69,69.0,0.69,0.69,0.69
213,327,104,5,3.0,3.5,8.84,0.71,0,1,0.71,0.71,71.0,0.71,0.71,0.71
214,315,105,3,2.0,2.5,8.48,0.75,1,0,0.75,0.75,75.0,0.75,0.75,0.75
215,329,114,5,4.5,5.0,9.19,0.86,0,1,0.86,0.86,86.0,0.86,0.86,0.86
216,294,93,1,1.5,2.0,7.36,0.46,1,0,0.46,0.46,46.0,0.46,0.46,0.46
217,322,112,3,3.0,4.0,8.62,0.76,0,1,0.76,0.76,76.0,0.76,0.76,0.76
218,321,112,3,3.0,4.5,8.95,0.77,0,1,0.77,0.77,77.0,0.77,0.77,0.77
219,327,113,4,4.5,4.5,9.04,0.84,1,0,0.84,0.84,84.0,0.84,0.84,0.84
220,339,116,4,4.0,3.5,9.8,0.96,0,1,0.96,0.96,96.0,0.96,0.96,0.96
221,316,103,3,3.5,2.0,7.68,0.52,1,0,0.52,0.52,52.0,0.52,0.52,0.52
222,305,105,2,3.0,2.0,8.23,0.67,1,0,0.67,0.67,67.0,0.67,0.67,0.67
223,311,104,3,3.5,2.0,8.2,0.61,0,1,0.61,0.61,61.0,0.61,0.61,0.61
224,323,108,5,4.0,4.0,8.74,0.81,0,1,0.81,0.81,81.0,0.81,0.81,0.81
225,314,110,3,4.0,4.0,8.8,0.75,1,0,0.75,0.75,75.0,0.75,0.75,0.75
226,310,106,4,4.5,4.5,9.04,0.66,0,1,0.66,0.66,66.0,0.66,0.66,0.66
227,324,112,4,4.0,3.5,8.77,0.8,0,1,0.8,0.8,80.0,0.8,0.8,0.8
228,314,109,4,3.5,4.0,8.77,0.82,0,1,0.82,0.82,82.0,0.82,0.82,0.82
229,326,116,3,3.5,4.0,9.14,0.81,0,1,0.81,0.81,81.0,0.81,0.81,0.81
230,317,101,3,3.0,2.0,7.94,0.49,0,1,0.49,0.49,49.0,0.49,0.49,0.49
231,323,113,3,4.0,4.0,8.88,0.79,0,1,0.79,0.79,79.0,0.79,0.79,0.79
232,298,98,2,1.5,2.5,7.5,0.44,0,1,0.44,0.44,44.0,0.44,0.44,0.44
233,306,103,2,2.5,3.0,8.36,0.69,1,0,0.69,0.69,69.0,0.69,0.69,0.69
234,316,101,2,2.5,2.0,8.32,0.61,0,1,0.61,0.61,61.0,0.61,0.61,0.61
235,321,109,3,3.0,3.0,8.54,0.79,0,1,0.79,0.79,79.0,0.79,0.79,0.79
236,327,108,5,5.0,3.5,9.13,0.87,0,1,0.87,0.87,87.0,0.87,0.87,0.87
237,306,105,2,3.0,2.5,8.26,0.73,1,0,0.73,0.73,73.0,0.73,0.73,0.73
238,334,116,4,4.0,3.5,9.54,0.93,0,1,0.93,0.93,93.0,0.93,0.93,0.93
239,301,100,3,3.5,3.0,8.04,0.67,1,0,0.67,0.67,67.0,0.67,0.67,0.67
240,334,114,4,4.0,4.0,9.43,0.93,0,1,0.93,0.93,93.0,0.93,0.93,0.93
241,331,119,4,5.0,4.5,9.34,0.9,0,1,0.9,0.9,90.0,0.9,0.9,0.9
242,318,110,1,2.5,3.5,8.54,0.67,0,1,0.67,0.67,67.0,0.67,0.67,0.67
243,323,112,5,4.0,4.5,8.78,0.79,1,0,0.79,0.79,79.0,0.79,0.79,0.79
244,324,105,3,3.0,4.0,8.75,0.79,1,0,0.79,0.79,79.0,0.79,0.79,0.79
245,319,108,3,3.0,3.5,8.54,0.71,0,1,0.71,0.71,71.0,0.71,0.71,0.71
246,340,115,5,5.0,4.5,9.06,0.95,0,1,0.95,0.95,95.0,0.95,0.95,0.95
247,324,111,3,2.5,2.0,8.8,0.79,0,1,0.79,0.79,79.0,0.79,0.79,0.79
248,317,104,2,4.5,4.0,8.47,0.57,1,0,0.57,0.57,56.99999999999999,0.57,0.57,0.57
249,325,107,3,3.0,3.5,9.11,0.84,0,1,0.84,0.84,84.0,0.84,0.84,0.84
250,325,114,3,3.5,3.0,9.04,0.76,0,1,0.76,0.76,76.0,0.76,0.76,0.76
251,340,120,4,4.5,4.0,9.92,0.97,0,1,0.97,0.97,97.0,0.97,0.97,0.97
252,318,107,3,3.0,3.5,8.27,0.74,0,1,0.74,0.74,74.0,0.74,0.74,0.74
253,328,116,5,5.0,5.0,9.5,0.94,0,1,0.94,0.94,94.0,0.94,0.94,0.94
254,317,103,2,2.5,2.0,8.15,0.65,1,0,0.65,0.65,65.0,0.65,0.65,0.65
255,312,103,3,5.0,4.0,8.45,0.76,1,0,0.76,0.76,76.0,0.76,0.76,0.76
256,310,106,4,1.5,2.5,8.36,0.57,1,0,0.57,0.57,56.99999999999999,0.57,0.57,0.57
257,333,113,5,4.0,4.0,9.28,0.89,0,1,0.89,0.89,89.0,0.89,0.89,0.89
258,309,108,3,2.5,3.0,8.12,0.72,1,0,0.72,0.72,72.0,0.72,0.72,0.72
259,304,101,2,2.0,2.5,7.66,0.38,1,0,0.38,0.38,38.0,0.38,0.38,0.38
260,297,100,1,1.5,2.0,7.9,0.52,1,0,0.52,0.52,52.0,0.52,0.52,0.52
261,327,114,3,3.0,3.0,9.02,0.61,1,0,0.61,0.61,61.0,0.61,0.61,0.61
262,299,100,3,2.0,3.0,7.42,0.42,1,0,0.42,0.42,42.0,0.42,0.42,0.42
263,311,101,2,2.5,3.5,8.34,0.7,0,1,0.7,0.7,70.0,0.7,0.7,0.7
264,318,106,2,4.0,4.0,7.92,0.64,0,1,0.64,0.64,64.0,0.64,0.64,0.64
265,316,111,4,4.0,5.0,8.54,0.71,1,0,0.71,0.71,71.0,0.71,0.71,0.71
266,323,113,3,4.0,3.0,9.32,0.85,0,1,0.85,0.85,85.0,0.85,0.85,0.85
267,308,106,3,3.0,3.0,8.24,0.58,1,0,0.58,0.58,57.99999999999999,0.58,0.58,0.58
268,308,106,3,3.5,2.5,8.21,0.75,0,1,0.75,0.75,75.0,0.75,0.75,0.75
269,315,99,2,3.5,3.0,7.89,0.63,1,0,0.63,0.63,63.0,0.63,0.63,0.63
270,312,98,1,3.5,3.0,8.18,0.64,0,1,0.64,0.64,64.0,0.64,0.64,0.64
271,294,95,1,1.5,1.5,7.64,0.49,1,0,0.49,0.49,49.0,0.49,0.49,0.49
272,300,95,2,3.0,1.5,8.22,0.62,0,1,0.62,0.62,62.0,0.62,0.62,0.62
273,304,100,2,3.5,3.0,8.22,0.63,1,0,0.63,0.63,63.0,0.63,0.63,0.63
274,326,112,3,3.5,3.0,9.05,0.74,0,1,0.74,0.74,74.0,0.74,0.74,0.74
275,320,110,2,4.0,3.5,8.56,0.72,1,0,0.72,0.72,72.0,0.72,0.72,0.72
276,312,106,3,4.0,3.5,8.79,0.81,0,1,0.81,0.81,81.0,0.81,0.81,0.81
277,334,120,5,4.0,5.0,9.87,0.97,0,1,0.97,0.97,97.0,0.97,0.97,0.97
278,313,102,3,2.5,2.5,8.68,0.71,1,0,0.71,0.71,71.0,0.71,0.71,0.71
279,316,98,1,1.5,2.0,7.43,0.49,1,0,0.49,0.49,49.0,0.49,0.49,0.49
280,319,105,4,4.0,4.5,8.66,0.77,0,1,0.77,0.77,77.0,0.77,0.77,0.77
281,337,117,5,5.0,5.0,9.87,0.96,0,1,0.96,0.96,96.0,0.96,0.96,0.96
282,329,111,4,4.5,4.0,9.23,0.89,0,1,0.89,0.89,89.0,0.89,0.89,0.89
283,334,119,5,4.5,4.5,9.48,0.94,0,1,0.94,0.94,94.0,0.94,0.94,0.94
284,304,97,2,1.5,2.0,7.64,0.47,1,0,0.47,0.47,47.0,0.47,0.47,0.47
285,308,101,2,3.0,4.0,7.9,0.68,1,0,0.68,0.68,68.0,0.68,0.68,0.68
286,310,101,3,3.5,5.0,8.65,0.71,0,1,0.71,0.71,71.0,0.71,0.71,0.71
287,321,111,4,4.0,4.0,8.97,0.87,0,1,0.87,0.87,87.0,0.87,0.87,0.87
288,295,99,1,2.0,1.5,7.57,0.37,1,0,0.37,0.37,37.0,0.37,0.37,0.37
289,327,103,3,4.0,4.0,8.3,0.74,0,1,0.74,0.74,74.0,0.74,0.74,0.74
290,317,100,2,3.0,2.5,8.57,0.68,1,0,0.68,0.68,68.0,0.68,0.68,0.68
291,326,114,3,3.0,3.0,9.11,0.83,0,1,0.83,0.83,83.0,0.83,0.83,0.83
292,306,100,2,3.0,3.0,8.0,0.48,1,0,0.48,0.48,48.0,0.48,0.48,0.48
293,314,107,2,2.5,4.0,8.27,0.72,1,0,0.72,0.72,72.0,0.72,0.72,0.72
294,321,114,5,4.5,4.5,9.16,0.87,0,1,0.87,0.87,87.0,0.87,0.87,0.87
295,306,106,2,2.0,2.5,8.14,0.61,1,0,0.61,0.61,61.0,0.61,0.61,0.61
296,308,104,2,2.5,3.0,8.07,0.65,1,0,0.65,0.65,65.0,0.65,0.65,0.65
297,296,101,1,2.5,3.0,7.68,0.6,1,0,0.6,0.6,60.0,0.6,0.6,0.6
298,304,100,2,2.5,3.5,8.07,0.64,1,0,0.64,0.64,64.0,0.64,0.64,0.64
299,317,103,3,2.5,3.0,8.54,0.73,0,1,0.73,0.73,73.0,0.73,0.73,0.73
300,323,108,3,3.5,3.0,8.6,0.45,1,0,0.45,0.45,45.0,0.45,0.45,0.45
301,302,102,3,3.5,5.0,8.33,0.65,1,0,0.65,0.65,65.0,0.65,0.65,0.65
302,320,111,4,4.5,3.5,8.87,0.85,0,1,0.85,0.85,85.0,0.85,0.85,0.85
303,302,102,1,2.0,1.5,8.0,0.5,1,0,0.5,0.5,50.0,0.5,0.5,0.5
304,311,107,4,4.5,4.5,9.0,0.78,0,1,0.78,0.78,78.0,0.78,0.78,0.78
305,311,102,3,4.5,4.0,8.64,0.68,0,1,0.68,0.68,68.0,0.68,0.68,0.68
306,305,103,2,2.5,3.5,8.13,0.59,1,0,0.59,0.59,59.0,0.59,0.59,0.59
307,331,115,5,4.0,3.5,9.44,0.92,0,1,0.92,0.92,92.0,0.92,0.92,0.92
308,299,100,1,1.5,2.0,7.89,0.59,1,0,0.59,0.59,59.0,0.59,0.59,0.59
309,314,102,2,2.0,2.5,8.24,0.64,1,0,0.64,0.64,64.0,0.64,0.64,0.64
310,302,99,3,2.5,3.0,7.45,0.52,1,0,0.52,0.52,52.0,0.52,0.52,0.52
311,305,105,2,3.0,4.0,8.13,0.66,1,0,0.66,0.66,66.0,0.66,0.66,0.66
312,322,107,3,3.5,3.5,8.46,0.71,0,1,0.71,0.71,71.0,0.71,0.71,0.71
313,297,96,2,2.5,2.0,7.43,0.34,1,0,0.34,0.34,34.0,0.34,0.34,0.34
314,300,99,1,3.0,2.0,6.8,0.36,0,1,0.36,0.36,36.0,0.36,0.36,0.36
315,322,112,4,3.5,2.5,9.02,0.73,0,1,0.73,0.73,73.0,0.73,0.73,0.73
316,340,114,5,4.0,4.0,9.6,0.9,0,1,0.9,0.9,90.0,0.9,0.9,0.9
317,313,104,3,4.0,4.5,8.65,0.73,1,0,0.73,0.73,73.0,0.73,0.73,0.73
318,324,114,5,5.0,4.5,9.08,0.89,0,1,0.89,0.89,89.0,0.89,0.89,0.89
319,322,103,4,3.0,2.5,8.02,0.61,0,1,0.61,0.61,61.0,0.61,0.61,0.61
320,313,107,2,2.5,2.0,8.5,0.53,0,1,0.53,0.53,53.0,0.53,0.53,0.53
321,327,118,4,5.0,5.0,9.67,0.93,0,1,0.93,0.93,93.0,0.93,0.93,0.93
322,324,112,5,5.0,5.0,9.08,0.88,0,1,0.88,0.88,88.0,0.88,0.88,0.88
323,318,101,5,3.5,5.0,8.78,0.78,0,1,0.78,0.78,78.0,0.78,0.78,0.78
324,318,109,1,3.5,3.5,9.12,0.78,1,0,0.78,0.78,78.0,0.78,0.78,0.78
325,336,119,4,4.5,4.0,9.62,0.95,0,1,0.95,0.95,95.0,0.95,0.95,0.95
326,335,117,5,5.0,5.0,9.82,0.96,0,1,0.96,0.96,96.0,0.96,0.96,0.96
327,316,110,3,4.0,4.5,8.78,0.69,0,1,0.69,0.69,69.0,0.69,0.69,0.69
328,320,110,5,5.0,5.0,9.2,0.88,0,1,0.88,0.88,88.0,0.88,0.88,0.88
329,299,100,2,3.0,3.5,7.88,0.68,1,0,0.68,0.68,68.0,0.68,0.68,0.68
330,315,103,1,1.5,2.0,7.86,0.57,1,0,0.57,0.57,56.99999999999999,0.57,0.57,0.57
331,326,110,3,3.5,3.5,8.76,0.79,0,1,0.79,0.79,79.0,0.79,0.79,0.79
332,319,106,3,4.0,3.0,8.0,0.65,0,1,0.65,0.65,65.0,0.65,0.65,0.65
333,320,103,3,3.0,3.0,7.7,0.64,1,0,0.64,0.64,64.0,0.64,0.64,0.64
334,303,105,5,5.0,4.5,8.65,0.77,1,0,0.77,0.77,77.0,0.77,0.77,0.77
335,307,107,2,3.0,3.5,8.52,0.78,0,1,0.78,0.78,78.0,0.78,0.78,0.78
336,317,107,2,3.5,3.0,8.28,0.66,1,0,0.66,0.66,66.0,0.66,0.66,0.66
337,336,119,5,4.0,3.5,9.8,0.97,0,1,0.97,0.97,97.0,0.97,0.97,0.97
338,328,112,4,4.0,4.5,9.1,0.78,0,1,0.78,0.78,78.0,0.78,0.78,0.78
339,315,107,2,4.0,3.0,8.5,0.56,0,1,0.56,0.56,56.00000000000001,0.56,0.56,0.56
340,331,117,4,4.5,5.0,9.42,0.94,0,1,0.94,0.94,94.0,0.94,0.94,0.94
341,299,102,3,4.0,3.5,8.62,0.56,1,0,0.56,0.56,56.00000000000001,0.56,0.56,0.56
342,334,119,5,4.5,5.0,9.54,0.94,0,1,0.94,0.94,94.0,0.94,0.94,0.94
343,308,102,2,2.0,3.5,7.98,0.58,0,1,0.58,0.58,57.99999999999999,0.58,0.58,0.58
344,303,102,3,3.5,3.0,8.5,0.62,1,0,0.62,0.62,62.0,0.62,0.62,0.62
345,320,110,5,5.0,4.5,9.22,0.92,0,1,0.92,0.92,92.0,0.92,0.92,0.92
346,324,110,3,3.5,3.5,9.04,0.82,0,1,0.82,0.82,82.0,0.82,0.82,0.82
347,302,99,2,1.0,2.0,7.97,0.56,1,0,0.56,0.56,56.00000000000001,0.56,0.56,0.56
348,301,99,2,3.0,2.0,8.22,0.64,1,0,0.64,0.64,64.0,0.64,0.64,0.64
349,312,99,1,1.0,1.5,8.01,0.52,0,1,0.52,0.52,52.0,0.52,0.52,0.52
350,326,114,4,4.0,3.5,9.16,0.86,0,1,0.86,0.86,86.0,0.86,0.86,0.86
351,335,118,5,4.5,3.5,9.44,0.93,0,1,0.93,0.93,93.0,0.93,0.93,0.93
352,318,100,2,2.5,3.5,8.54,0.71,0,1,0.71,0.71,71.0,0.71,0.71,0.71
353,301,97,2,3.0,3.0,7.88,0.44,0,1,0.44,0.44,44.0,0.44,0.44,0.44
354,322,109,5,4.5,3.5,8.8,0.76,1,0,0.76,0.76,76.0,0.76,0.76,0.76
355,323,104,3,4.0,4.0,8.44,0.73,0,1,0.73,0.73,73.0,0.73,0.73,0.73
356,290,100,1,1.5,2.0,7.56,0.47,1,0,0.47,0.47,47.0,0.47,0.47,0.47
357,309,105,5,3.5,3.5,8.56,0.71,1,0,0.71,0.71,71.0,0.71,0.71,0.71
358,325,110,4,4.5,4.0,8.96,0.79,0,1,0.79,0.79,79.0,0.79,0.79,0.79
359,318,109,3,3.0,3.0,8.5,0.67,1,0,0.67,0.67,67.0,0.67,0.67,0.67
360,315,105,3,2.0,2.5,8.34,0.7,1,0,0.7,0.7,70.0,0.7,0.7,0.7
361,311,103,3,2.0,4.0,8.09,0.64,1,0,0.64,0.64,64.0,0.64,0.64,0.64
362,324,112,4,4.5,4.0,9.22,0.86,0,1,0.86,0.86,86.0,0.86,0.86,0.86
363,298,101,4,2.5,4.5,7.69,0.53,0,1,0.53,0.53,53.0,0.53,0.53,0.53
364,322,110,3,4.0,5.0,8.64,0.85,0,1,0.85,0.85,85.0,0.85,0.85,0.85
365,312,104,3,3.5,3.5,8.42,0.74,1,0,0.74,0.74,74.0,0.74,0.74,0.74
366,301,104,2,3.5,3.5,7.89,0.68,0,1,0.68,0.68,68.0,0.68,0.68,0.68
367,307,108,2,4.0,3.5,7.7,0.48,1,0,0.48,0.48,48.0,0.48,0.48,0.48
368,313,98,3,2.5,4.5,8.3,0.76,0,1,0.76,0.76,76.0,0.76,0.76,0.76
369,322,110,5,4.5,4.0,8.97,0.78,1,0,0.78,0.78,78.0,0.78,0.78,0.78
370,305,102,2,2.0,2.5,8.18,0.62,1,0,0.62,0.62,62.0,0.62,0.62,0.62
371,296,99,2,2.5,2.5,8.03,0.61,1,0,0.61,0.61,61.0,0.61,0.61,0.61
372,290,104,4,2.0,2.5,7.46,0.45,1,0,0.45,0.45,45.0,0.45,0.45,0.45
373,326,112,4,4.0,3.5,9.12,0.84,0,1,0.84,0.84,84.0,0.84,0.84,0.84
374,319,103,4,4.5,3.5,8.66,0.76,1,0,0.76,0.76,76.0,0.76,0.76,0.76
375,298,98,2,4.0,3.0,8.03,0.34,1,0,0.34,0.34,34.0,0.34,0.34,0.34
376,307,105,4,3.0,3.0,7.94,0.62,1,0,0.62,0.62,62.0,0.62,0.62,0.62
377,332,117,4,4.5,4.0,9.1,0.87,1,0,0.87,0.87,87.0,0.87,0.87,0.87
378,308,103,2,3.0,3.5,8.49,0.66,1,0,0.66,0.66,66.0,0.66,0.66,0.66
379,323,107,4,3.0,2.5,8.48,0.78,0,1,0.78,0.78,78.0,0.78,0.78,0.78
380,311,99,2,2.5,3.0,7.98,0.65,1,0,0.65,0.65,65.0,0.65,0.65,0.65
381,300,101,3,3.5,2.5,7.88,0.59,1,0,0.59,0.59,59.0,0.59,0.59,0.59
382,312,104,3,3.5,4.0,8.09,0.71,1,0,0.71,0.71,71.0,0.71,0.71,0.71
383,315,104,3,4.0,2.5,8.1,0.65,1,0,0.65,0.65,65.0,0.65,0.65,0.65
384,308,108,4,4.5,5.0,8.34,0.77,1,0,0.77,0.77,77.0,0.77,0.77,0.77
385,299,106,2,4.0,4.0,8.4,0.64,1,0,0.64,0.64,64.0,0.64,0.64,0.64
386,311,104,2,2.0,2.0,8.3,0.42,1,0,0.42,0.42,42.0,0.42,0.42,0.42
387,335,117,5,5.0,5.0,9.56,0.94,0,1,0.94,0.94,94.0,0.94,0.94,0.94
388,308,110,4,3.5,3.0,8.6,0.7,1,0,0.7,0.7,70.0,0.7,0.7,0.7
389,296,99,2,3.0,3.5,7.28,0.47,1,0,0.47,0.47,47.0,0.47,0.47,0.47
390,316,105,2,2.5,2.5,8.2,0.49,0,1,0.49,0.49,49.0,0.49,0.49,0.49
391,316,103,2,2.0,4.5,8.74,0.69,1,0,0.69,0.69,69.0,0.69,0.69,0.69
392,309,104,2,2.0,2.5,8.26,0.65,1,0,0.65,0.65,65.0,0.65,0.65,0.65
393,312,103,3,3.5,4.0,8.78,0.67,1,0,0.67,0.67,67.0,0.67,0.67,0.67
394,322,110,5,5.0,4.0,9.1,0.88,0,1,0.88,0.88,88.0,0.88,0.88,0.88
395,316,110,3,3.5,4.0,8.56,0.75,1,0,0.75,0.75,75.0,0.75,0.75,0.75
396,302,110,3,4.0,4.5,8.5,0.65,1,0,0.65,0.65,65.0,0.65,0.65,0.65
397,312,107,4,4.5,4.0,8.65,0.73,0,1,0.73,0.73,73.0,0.73,0.73,0.73
398,298,99,1,1.5,3.0,7.46,0.53,1,0,0.53,0.53,53.0,0.53,0.53,0.53
399,324,113,4,4.5,4.0,8.79,0.76,1,0,0.76,0.76,76.0,0.76,0.76,0.76
